Workbook

Sheet Resumo
A1: LEVANTAMENTO DE DÚVIDAS – IMPLEMENTAÇÃO DOS FLUXOS DE APROVAÇÃO NO SAP
A2: Perguntas levantadas a partir das 5 matrizes de regras e rotas (Movimentação de Pessoas, Transferência entre Empresas, Expatriação, Edição de Posição Disponível e Transferência de Setor), separadas por motivo e evento.
A4: Aba | B4: Motivo | C4: Perguntas | D4: Alta | E4: Média | F4: Baixa | G4: Respondidas | H4: % respondidas
A5: Geral | B5: Transversal (vale para todos os motivos) | C5: =COUNTA(Geral!A5:A200) -> 25 | D5: =COUNTIF(Geral!G5:G200,"Alta") -> 14 | E5: =COUNTIF(Geral!G5:G200,"Média") -> 10 | F5: =COUNTIF(Geral!G5:G200,"Baixa") -> 1 | G5: =COUNTIF(Geral!J5:J200,"Respondida") -> 0 | H5: =IF(C5=0,0,G5/C5) -> 0
A6: Movimentação de Pessoas | B6: MOVIMENTAÇÃO DE PESSOAS | C6: =COUNTA('Movimentação de Pessoas'!A5:A200) -> 12 | D6: =COUNTIF('Movimentação de Pessoas'!G5:G200,"Alta") -> 4 | E6: =COUNTIF('Movimentação de Pessoas'!G5:G200,"Média") -> 7 | F6: =COUNTIF('Movimentação de Pessoas'!G5:G200,"Baixa") -> 1 | G6: =COUNTIF('Movimentação de Pessoas'!J5:J200,"Respondida") -> 0 | H6: =IF(C6=0,0,G6/C6) -> 0
A7: Transf. entre Empresas | B7: TRANSFERÊNCIA ENTRE EMPRESAS | C7: =COUNTA('Transf. entre Empresas'!A5:A200) -> 10 | D7: =COUNTIF('Transf. entre Empresas'!G5:G200,"Alta") -> 3 | E7: =COUNTIF('Transf. entre Empresas'!G5:G200,"Média") -> 5 | F7: =COUNTIF('Transf. entre Empresas'!G5:G200,"Baixa") -> 2 | G7: =COUNTIF('Transf. entre Empresas'!J5:J200,"Respondida") -> 0 | H7: =IF(C7=0,0,G7/C7) -> 0
A8: Expatriação | B8: EXPATRIAÇÃO | C8: =COUNTA(Expatriação!A5:A200) -> 10 | D8: =COUNTIF(Expatriação!G5:G200,"Alta") -> 3 | E8: =COUNTIF(Expatriação!G5:G200,"Média") -> 5 | F8: =COUNTIF(Expatriação!G5:G200,"Baixa") -> 2 | G8: =COUNTIF(Expatriação!J5:J200,"Respondida") -> 0 | H8: =IF(C8=0,0,G8/C8) -> 0
A9: Edição de Posição | B9: EDIÇÃO DE POSIÇÃO DISPONÍVEL | C9: =COUNTA('Edição de Posição'!A5:A200) -> 8 | D9: =COUNTIF('Edição de Posição'!G5:G200,"Alta") -> 2 | E9: =COUNTIF('Edição de Posição'!G5:G200,"Média") -> 4 | F9: =COUNTIF('Edição de Posição'!G5:G200,"Baixa") -> 2 | G9: =COUNTIF('Edição de Posição'!J5:J200,"Respondida") -> 0 | H9: =IF(C9=0,0,G9/C9) -> 0
A10: Transf. de Setor | B10: TRANSFERÊNCIA DE SETOR | C10: =COUNTA('Transf. de Setor'!A5:A200) -> 5 | D10: =COUNTIF('Transf. de Setor'!G5:G200,"Alta") -> 1 | E10: =COUNTIF('Transf. de Setor'!G5:G200,"Média") -> 3 | F10: =COUNTIF('Transf. de Setor'!G5:G200,"Baixa") -> 1 | G10: =COUNTIF('Transf. de Setor'!J5:J200,"Respondida") -> 0 | H10: =IF(C10=0,0,G10/C10) -> 0
A11: TOTAL | C11: =SUM(C5:C10) -> 70 | D11: =SUM(D5:D10) -> 27 | E11: =SUM(E5:E10) -> 34 | F11: =SUM(F5:F10) -> 9 | G11: =SUM(G5:G10) -> 0 | H11: =IF(C11=0,0,G11/C11) -> 0
A13: COMO USAR
A14: Colunas amarelas | B14: Resposta da área, Responsável e Status são as únicas colunas para preencher em cada aba.
A15: Status | B15: Pendente → Em análise → Respondida (lista suspensa). O resumo acima é atualizado automaticamente.
A16: Prioridade | B16: Alta = bloqueia a configuração da regra ou do workflow · Média = necessária antes dos testes · Baixa = confirmação.
A17: Exemplo de resposta | B17: Ex. para G-06: "MOI/MOD vem do campo 'Classe de empregado' da posição de destino. Todo registro tem valor." – Responsável: C&R – Status: Respondida.
A18: Evento 'Todos' | B18: Pergunta que vale para todos os eventos do motivo.

Sheet Geral
A1: PERGUNTAS PARA IMPLEMENTAÇÃO NO SAP – Geral – todos os motivos
A2: Preencha as colunas amarelas (Resposta da área, Responsável e Status). Use o filtro da coluna 'Evento (C&R)' para ver as perguntas de cada evento.
A4: ID | B4: Evento (C&R) | C4: Tema | D4: Pergunta | E4: Contexto / evidência na matriz | F4: Impacto na implementação SAP | G4: Prioridade | H4: Resposta da área | I4: Responsável | J4: Status
A5: G-01 | B5: Todos | C5: Gatilho e classificação | D5: Quem define o Evento (C&R): o sistema deriva automaticamente a partir do Motivo escolhido pelo gestor e dos dados alterados, ou o C&R seleciona/reclassifica o evento depois que a solicitação é aberta? | E5: Todas as matrizes têm colunas separadas para 'Motivo (Gestor)' e 'Evento (C&R)'. | F5: Define se o evento é um campo escolhido na tela (event reason) ou uma regra de derivação. Se o C&R reclassificar no meio do processo, a rota muda durante o workflow. | G5: Alta | J5: Pendente
A6: G-02 | B6: Todos | C6: Gatilho e classificação | D6: Quais são os códigos SAP (ação/evento e motivo) de cada evento de cada motivo? | E6: Só a matriz de Transferência de Setor informa código (Z2-2H). As outras 4 matrizes não trazem códigos. | F6: Sem os códigos não é possível vincular cada regra ao evento/motivo configurado nem ao workflow correspondente. | G6: Alta | J6: Pendente
A7: G-03 | B7: Todos | C7: Gatilho e classificação | D7: Quando a mesma solicitação altera vários dados ao mesmo tempo (ex.: cargo + setor + gestor), qual evento prevalece? Existe ordem de precedência entre os motivos (ex.: Movimentação de Pessoas × Transferência de Setor)? | E7: Movimentação de Pessoas cobre troca de cargo com mudança de setor; Transferência de Setor cobre mudança de setor sem coluna de cargo. | F7: Evita que uma mesma alteração caia em dois workflows ou no workflow errado; define regra de prioridade na derivação. | G7: Alta | J7: Pendente
A8: G-04 | B8: Todos | C8: Gatilho e classificação | D8: O que o sistema deve fazer quando ocorrer uma combinação de condições que não está na matriz: bloquear a solicitação, aplicar uma rota padrão (qual?) ou a combinação é impossível no cadastro? | E8: As matrizes listam apenas combinações específicas. Ex.: nenhuma matriz tem 'Muda filial = SIM' com 'Muda setor = NÃO'; Transferência entre Empresas só tem SIM/SIM. | F8: Toda regra de workflow precisa de um 'senão'. Sem ele, a solicitação fica sem aprovador ou vai para uma rota errada. | G8: Alta | J8: Pendente
A9: G-05 | B9: Todos | C9: Gatilho e classificação | D9: Se os dados forem alterados durante a aprovação (ex.: após uma devolução, a mão de obra de destino muda de MOD para MOI), a rota deve ser recalculada ou mantém a rota original? | E9: As rotas dependem de MOI/MOD, gestor, natureza e evento – dados que podem ser corrigidos na devolução. | F9: Define se o workflow é reavaliado a cada reenvio. | G9: Média | J9: Pendente
A10: G-06 | B10: Todos | C10: Campos de decisão | D10: Qual campo do SAP define a mão de obra de destino (MOI/MOD)? É lido da posição de destino, do cargo de destino, do centro de custo ou da classe de empregado? Pode existir registro sem classificação? | E10: Todas as matrizes usam 'Mão de obra de destino é MOI' e 'é MOD' como critério de rota (acrescenta cópia para Controladoria e Folha). | F10: É o critério que mais separa rotas; precisa de um campo único e confiável para a regra de workflow. | G10: Alta | J10: Pendente
A11: G-07 | B11: Todos | C11: Campos de decisão | D11: Em qual campo fica a 'natureza do cargo' e existe uma tabela mestre com a natureza de cada cargo? Quem mantém essa tabela? | E11: As colunas 'Natureza do cargo atual/proposto' trazem listas de cargos (Carreira Y, Coordenação, Diretoria etc.). | F11: Sem um campo/tabela de natureza, a regra teria que comparar textos de cargo – frágil e de difícil manutenção. | G11: Alta | J11: Pendente
A12: G-08 | B12: Todos | C12: Campos de decisão | D12: As listas de natureza não são complementares. Qual é a lista oficial e o nome exato de cada valor no SAP? | E12: A lista 'É diferente de...' exclui LÍDER PROC. PRODUÇÃO e LÍDER PROC. TEC/ADM, mas a lista de gestão inclui LÍDER DE PROCESSOS INDUSTRIAIS, LÍDER DE ENGENHARIA, LÍDER LOGÍSTICA e LÍDER OPERACIONAL. Um 'Líder Logística' se enquadra nas duas listas ao mesmo tempo. | F12: Listas sobrepostas geram duas rotas possíveis para o mesmo colaborador. | G12: Alta | J12: Pendente
A13: G-09 | B13: Todos | C13: Campos de decisão | D13: Há três agrupamentos de gestão: (1) lista completa, (2) lista restrita – Carreira Y, Coordenação, Diretoria, Gerência, Gerência Executiva, Supervisão – e (3) Liderança – Engenheiro Líder, Líder Proc. Produção, Líder Proc. Tec/Adm. Em qual agrupamento cada cargo se enquadra? | E13: Engenheiro Líder aparece na lista completa de gestão e também na lista de Liderança. | F13: Define se a promoção é 'Gestão / Carreira Y' ou 'Liderança' e, portanto, se a rota tem ou não Compliance e DHO. | G13: Alta | J13: Pendente
A14: G-10 | B14: Todos | C14: Campos de decisão | D14: As colunas 'Natureza atual/destino é de gestão?' (SIM/NÃO) e as colunas com a lista de natureza podem divergir? Se divergirem, qual prevalece? | E14: As duas informações aparecem em colunas separadas em Movimentação, Transferência entre Empresas e Expatriação. | F14: Evita regras redundantes; se uma derivar da outra, basta configurar uma. | G14: Média | J14: Pendente
A15: G-11 | B15: Todos | C15: Campos de decisão | D15: Como o sistema identifica 'Altera gestor?': comparação do gestor imediato antes/depois, mudança da posição superior ou outro campo? Troca de gestor por reestruturação (sem movimentação do colaborador) conta? | E15: 'Altera gestor = SIM' inclui o Gestor Atual como 1º aprovador em todas as matrizes que têm essa coluna. | F15: Precisa de uma comparação objetiva entre o registro atual e o proposto. | G15: Alta | J15: Pendente
A16: G-12 | B16: Todos | C16: Campos de decisão | D16: Quais campos SAP correspondem a 'Filial' e 'Setor' (empresa, estabelecimento/location, departamento, centro de custo)? 'Setor' é departamento ou centro de custo? | E16: 'Muda filial?' e 'Muda setor?' aparecem em todas as matrizes. | F16: Define a comparação que classifica a movimentação. | G16: Alta | J16: Pendente
... A29: G-25 | B29: Todos | C29: Regras do workflow | D29: A letra da rota vale só dentro de cada matriz? Ex.: a Rota A de Transferência de Setor (MOD + altera gestor) é diferente da Rota A de Movimentação de Pessoas (promoção de liderança). | E29: As letras A–H têm significados diferentes entre as matrizes. | F29: Confirma que as rotas serão configuradas por motivo e não compartilhadas. | G29: Baixa | J29: Pendente

Sheet Movimentação de Pessoas
A1: PERGUNTAS PARA IMPLEMENTAÇÃO NO SAP – MOVIMENTAÇÃO DE PESSOAS
A2: Preencha as colunas amarelas (Resposta da área, Responsável e Status). Use o filtro da coluna 'Evento (C&R)' para ver as perguntas de cada evento.
A4: ID | B4: Evento (C&R) | C4: Tema | D4: Pergunta | E4: Contexto / evidência na matriz | F4: Impacto na implementação SAP | G4: Prioridade | H4: Resposta da área | I4: Responsável | J4: Status
A5: MP-01 | B5: Todos | C5: Escopo | D5: 'Cargo "de" diferente do "para"' é SIM nas 84 regras. Uma movimentação sem troca de cargo (só filial/setor) pertence a outro motivo (ex.: Transferência de Setor Z2-2H)? | E5: Todas as regras de Movimentação de Pessoas têm troca de cargo. | F5: Define a fronteira entre este motivo e Transferência de Setor. | G5: Alta | J5: Pendente
A6: MP-02 | B6: Todos | C6: Escopo | D6: As combinações de Muda filial / Muda setor são apenas NÃO/NÃO, NÃO/SIM e SIM/SIM. Mudar de filial sem mudar de setor é impossível ou está fora do escopo? | E6: Não há regra com Muda filial = SIM e Muda setor = NÃO. | F6: Precisa de validação na tela ou de rota padrão. | G6: Média | J6: Pendente
A7: MP-03 | B7: Todos | C7: Classificação do evento | D7: Qual critério objetivo diferencia 'Alteração de cargo' de 'Promoção' (nível/grade, faixa salarial, família de cargo)? O sistema valida a escolha ou confia na seleção? | E7: Os 5 eventos têm rotas diferentes: promoções de gestão/liderança incluem Compliance e DHO. | F7: Se o evento for escolhido errado, a rota sai sem Compliance/DHO. | G7: Alta | J7: Pendente
A8: MP-04 | B8: ALTERAÇÃO DE CARGO | C8: Classificação do evento | D8: Não existe regra de Alteração de cargo de 'Não gestão → Gestão'. Esse caso deve ser bloqueado e forçar um evento de Promoção? | E8: As combinações de natureza em Alteração de cargo são: Não gestão → Não gestão, Gestão → Não gestão e Gestão → Gestão. | F8: Precisa de validação na tela ou de regra de derivação do evento. | G8: Alta | J8: Pendente
A9: MP-05 | B9: ALTERAÇÃO DE CARGO | C9: Rotas | D9: Movimentação lateral entre cargos de gestão (Gestão → Gestão) segue a rota base (C/D/G/H), sem Compliance e DHO. Está correto? | E9: Regras com Natureza atual e destino = gestão vão para C, D, G ou H. | F9: Confirma que Compliance/DHO só se aplicam a promoções. | G9: Média | J9: Pendente
A10: MP-06 | B10: PROMOÇÃO DE CARGO (CARGO DE CONFIANÇA) | C10: Classificação do evento | D10: Cargo de confiança e Gestão / Carreira Y usam a mesma lista de natureza de destino e as mesmas rotas (B/F). Como o sistema diferencia os dois eventos? | E10: As duas promoções têm destino Carreira Y, Coordenação, Diretoria, Gerência, Gerência Executiva, Supervisão. | F10: Sem um critério distinto, a derivação automática do evento não consegue separar os dois. | G10: Alta | J10: Pendente
A11: MP-07 | B11: PROMOÇÃO DE CARGO (CARGO DE CONFIANÇA) | C11: Rotas | D11: Todas as regras têm mão de obra de destino MOI. Promoção para cargo de confiança com destino MOD é impossível? Deve ser bloqueada? | E11: Não há regra MOD para Cargo de confiança. | F11: Precisa de validação ou rota padrão. | G11: Média | J11: Pendente
A12: MP-08 | B12: PROMOÇÃO DE CARGO (EQUIPES) | C12: Classificação do evento | D12: Promoção (Equipes) usa exatamente as mesmas rotas de Alteração de cargo (C/D/G/H) e natureza Não gestão → Não gestão. Qual a diferença entre os dois eventos no sistema (só o código para relatórios e remuneração)? | E12: 12 regras de Equipes, todas Não gestão → Não gestão. | F12: Se não houver diferença de fluxo, as duas regras podem compartilhar a mesma configuração. | G12: Média | J12: Pendente
A13: MP-09 | B13: PROMOÇÃO DE CARGO (GESTÃO / CARREIRA Y) | C13: Classificação do evento | D13: A natureza atual pode ser gestão (ex.: coordenador promovido a gerente). E se o destino for um cargo de gestão fora da lista restrita (ex.: Líder Logística)? Qual evento/rota aplicar? | E13: Destino sempre na lista restrita; origem pode ser Gestão ou Não gestão. | F13: Define a cobertura da regra. | G13: Média | J13: Pendente
A14: MP-10 | B14: PROMOÇÃO DE CARGO (GESTÃO / CARREIRA Y) | C14: Rotas | D14: Todas as regras têm destino MOI. Promoção de gestão com destino MOD é impossível? Bloquear? | E14: Não há regra MOD para Gestão / Carreira Y. | F14: Precisa de validação ou rota padrão. | G14: Média | J14: Pendente
A15: MP-11 | B15: PROMOÇÃO DE CARGO (LIDERANÇA) | C15: Classificação do evento | D15: A origem é sempre 'Não gestão'. O que acontece se um cargo de gestão ou de liderança for promovido para Engenheiro Líder / Líder Proc.? | E15: 12 regras, todas Não gestão → Liderança. | F15: Define se o caso é bloqueado ou tem outra rota. | G15: Média | J15: Pendente
A16: MP-12 | B16: PROMOÇÃO DE CARGO (LIDERANÇA) | C16: Rotas | D16: Liderança MOD vai para A/E (sem cópias) e MOI para B/F (com cópia a Controladoria e Folha). Confirmar que as cópias dependem exclusivamente de MOI. | E16: Mesmo padrão das demais rotas da matriz. | F16: Valida a regra geral de cópia. | G16: Baixa | J16: Pendente

Sheet Transf. entre Empresas
A1: PERGUNTAS PARA IMPLEMENTAÇÃO NO SAP – TRANSFERÊNCIA ENTRE EMPRESAS
A2: Preencha as colunas amarelas (Resposta da área, Responsável e Status). Use o filtro da coluna 'Evento (C&R)' para ver as perguntas de cada evento.
A4: ID | B4: Evento (C&R) | C4: Tema | D4: Pergunta | E4: Contexto / evidência na matriz | F4: Impacto na implementação SAP | G4: Prioridade | H4: Resposta da área | I4: Responsável | J4: Status
A5: TE-01 | B5: Todos | C5: Escopo | D5: No SAP, a transferência entre empresas será uma alteração no mesmo registro do colaborador ou um novo vínculo (desligamento na origem e admissão no destino)? | E5: Motivo específico, com Folha de Pagamento como aprovadora em todas as rotas. | F5: Muda o tipo de processo/workflow a configurar e quem consegue ver a solicitação. | G5: Alta | J5: Pendente
A6: TE-02 | B6: Todos | C6: Aprovadores | D6: Os aprovadores de área (Treinamento, Medicina, Segurança, Folha, C&R) são da empresa de ORIGEM ou de DESTINO? O Gestor Atual (empresa de origem) terá acesso à solicitação? | E6: Todas as regras têm Muda filial e Muda setor = SIM. | F6: Define a resolução dos grupos dinâmicos e as permissões entre empresas. | G6: Alta | J6: Pendente
A7: TE-03 | B7: Todos | C7: Aprovadores | D7: A Folha de Pagamento aparece como APROVADORA (antes da última etapa de C&R) e, nas rotas MOI, também em CÓPIA. É a mesma equipe? É intencional? | E7: Rotas B, D, F e H têm FOLHA DE PAGAMENTO – APROVADOR e FOLHA DE PAGAMENTO – CÓPIA. | F7: Evita notificação duplicada ou configura dois grupos diferentes. | G7: Média | J7: Pendente
A8: TE-04 | B8: Todos | C8: Escopo | D8: Não existem os eventos Promoção (Cargo de confiança) e Promoção (Equipes) neste motivo. Eles não se aplicam à transferência entre empresas ou faltam na matriz? | E8: Eventos presentes: Alteração de cargo; Alteração de empresa, filial e/ou setor; Promoção Gestão / Carreira Y; Promoção Liderança. | F8: Define a lista de eventos permitidos para este motivo. | G8: Média | J8: Pendente
A9: TE-05 | B9: Todos | C9: Escopo | D9: Muda filial e Muda setor são sempre SIM. Uma transferência para outra empresa mantendo a mesma filial física ou o mesmo setor é possível? Qual rota? | E9: As 32 regras têm SIM/SIM. | F9: Precisa de validação ou rota padrão. | G9: Média | J9: Pendente
A10: TE-06 | B10: ALTERAÇÃO DE CARGO | C10: Classificação do evento | D10: Não existe regra de 'Não gestão → Gestão' em Alteração de cargo. Deve ser bloqueado e forçar Promoção? | E10: Combinações: Não gestão → Não gestão, Gestão → Não gestão, Gestão → Gestão. | F10: Validação de evento. | G10: Média | J10: Pendente
A11: TE-07 | B11: ALTERAÇÃO DE EMPRESA, FILIAL E/OU SETOR | C11: Inconsistência na matriz | D11: A linha 24 (Gestão → Gestão restrita + MOI + altera gestor SIM) aponta para a Rota F (com Compliance e DHO), mas as demais regras com MOI + altera gestor SIM vão para a Rota H. A linha 24 está correta? Se sim, por que a linha 17 (mesma condição, sem alterar gestor) vai para D e não para B? | E11: Linha 24 → F; linhas 20 e 33 → H; linha 17 → D. | F11: Se estiver correta, a regra precisa de uma condição extra (natureza de destino); se não, corrigir para H. | G11: Alta | J11: Pendente
A12: TE-08 | B12: ALTERAÇÃO DE EMPRESA, FILIAL E/OU SETOR | C12: Campos de decisão | D12: O cargo não muda (Cargo "de" ≠ "para" = NÃO), mas a natureza muda de 'Gestão (lista completa)' para 'Gestão (lista restrita)'. Como a natureza muda se o cargo é o mesmo? É a mesma natureza escrita de forma diferente? | E12: Linhas 16, 17, 23 e 24. | F12: Se a natureza vem do cargo, essas combinações não acontecem no sistema. | G12: Média | J12: Pendente
A13: TE-09 | B13: PROMOÇÃO DE CARGO (GESTÃO / CARREIRA Y) | C13: Rotas | D13: Todas as regras são MOI. Promoção de gestão com destino MOD é impossível? Bloquear? | E13: 4 regras, todas MOI. | F13: Validação ou rota padrão. | G13: Baixa | J13: Pendente
A14: TE-10 | B14: PROMOÇÃO DE CARGO (LIDERANÇA) | C14: Classificação do evento | D14: A origem é sempre 'Não gestão'. O que fazer se a origem for gestão? | E14: 4 regras, uma por rota (A, B, E, F). | F14: Define cobertura da regra. | G14: Baixa | J14: Pendente

Sheet Expatriação
A1: PERGUNTAS PARA IMPLEMENTAÇÃO NO SAP – EXPATRIAÇÃO
A2: Preencha as colunas amarelas (Resposta da área, Responsável e Status). Use o filtro da coluna 'Evento (C&R)' para ver as perguntas de cada evento.
A4: ID | B4: Evento (C&R) | C4: Tema | D4: Pergunta | E4: Contexto / evidência na matriz | F4: Impacto na implementação SAP | G4: Prioridade | H4: Resposta da área | I4: Responsável | J4: Status
A5: EX-01 | B5: Todos | C5: Escopo | D5: No SAP, a expatriação será tratada como atribuição internacional (Global Assignment, mantendo o vínculo no país de origem) ou como uma movimentação/transferência comum? | E5: Motivo específico, com a etapa Mobilidade Corporativa em todas as rotas. | F5: Muda completamente o processo, os campos e o workflow a configurar. | G5: Alta | J5: Pendente
A6: EX-02 | B6: Todos | C6: Aprovadores | D6: Mobilidade Corporativa é um grupo único global ou varia por país/empresa? Precisa ver dados específicos (país de destino, período, pacote de benefícios) para aprovar? | E6: MOBILIDADE CORPORATIVA – APROVADOR aparece em todas as 8 rotas, após Segurança do Trabalho. | F6: Define o grupo e os campos adicionais da solicitação. | G6: Alta | J6: Pendente
A7: EX-03 | B7: Todos | C7: Campos de decisão | D7: A rota não depende do país de destino nem da duração (curta × longa). Está correto? Existem exigências adicionais (vistos, exames médicos específicos)? | E7: A matriz não tem colunas de país ou duração. | F7: Se houver, a regra precisa de novos critérios. | G7: Média | J7: Pendente
A8: EX-04 | B8: Todos | C8: Escopo | D8: Existem regras com 'Muda filial = NÃO' e 'Muda setor = SIM'. Como uma expatriação ocorre sem mudar de filial, se o colaborador muda de país? | E8: Metade das regras tem NÃO/SIM. | F8: Esclarece o que 'filial' representa para expatriados. | G8: Média | J8: Pendente
A9: EX-05 | B9: Todos | C9: Aprovadores | D9: Folha de Pagamento aparece só como cópia (em Transferência entre Empresas ela aprova). A Folha notificada é a de origem, a de destino ou as duas? | E9: Rotas B, D, F e H. | F9: Define o destinatário da cópia. | G9: Média | J9: Pendente
A10: EX-06 | B10: Todos | C10: Escopo | D10: O retorno da expatriação (repatriação) segue esta mesma matriz ou terá regras próprias? | E10: A matriz trata apenas a ida. | F10: Pode exigir outro motivo/evento. | G10: Média | J10: Pendente
A11: EX-07 | B11: Todos | C11: Escopo | D11: Não existem os eventos Promoção (Cargo de confiança) e Promoção (Equipes) neste motivo. Eles não se aplicam à expatriação? | E11: Eventos presentes: Alteração de cargo; Alteração de filial e/ou setor; Promoção Gestão / Carreira Y; Promoção Liderança. | F11: Define a lista de eventos permitidos. | G11: Baixa | J11: Pendente
A12: EX-08 | B12: ALTERAÇÃO DE CARGO | C12: Inconsistência na matriz | D12: As linhas 6 e 38 (MOD + altera gestor SIM + Gestão → Gestão) apontam para a Rota H, que tem as cópias de MOI (Controladoria e Folha). As demais regras MOD + altera gestor SIM vão para a Rota G. Está correto? | E12: Linhas 6 e 38 → H; linhas 4, 7, 36 e 39 → G. | F12: Se estiver correto, a regra de cópia passa a depender também da natureza; se não, corrigir para G. | G12: Alta | J12: Pendente
A13: EX-09 | B13: ALTERAÇÃO DE FILIAL E/OU SETOR | C13: Campos de decisão | D13: O cargo não muda, mas a natureza muda de 'Gestão (lista completa)' para 'Gestão (lista restrita)'. É a mesma natureza escrita de forma diferente? | E13: Linhas 16, 17, 23, 24, 48, 49, 55 e 56. | F13: Se a natureza vem do cargo, essas combinações não acontecem. | G13: Média | J13: Pendente
A14: EX-10 | B14: PROMOÇÃO DE CARGO (GESTÃO / CARREIRA Y) | C14: Rotas | D14: Todas as regras são MOI. Promoção de gestão com destino MOD durante a expatriação é impossível? | E14: 8 regras, todas MOI. | F14: Validação ou rota padrão. | G14: Baixa | J14: Pendente

Sheet Edição de Posição
A1: PERGUNTAS PARA IMPLEMENTAÇÃO NO SAP – EDIÇÃO DE POSIÇÃO DISPONÍVEL
A2: Preencha as colunas amarelas (Resposta da área, Responsável e Status). Use o filtro da coluna 'Evento (C&R)' para ver as perguntas de cada evento.
A4: ID | B4: Evento (C&R) | C4: Tema | D4: Pergunta | E4: Contexto / evidência na matriz | F4: Impacto na implementação SAP | G4: Prioridade | H4: Resposta da área | I4: Responsável | J4: Status
A5: EP-01 | B5: EDIÇÃO DE POSIÇÃO DISPONÍVEL | C5: Escopo | D5: O processo edita a POSIÇÃO (e não o colaborador). Vale só para posições vagas ('disponíveis')? E se a posição tiver ocupante, qual processo se aplica? | E5: A rota não tem Colaborador, Gestor Atual nem Gestor Solicitante. | F5: Define o objeto do workflow (posição × colaborador) e a condição de entrada. | G5: Alta | J5: Pendente
A6: EP-02 | B6: EDIÇÃO DE POSIÇÃO DISPONÍVEL | C6: Gatilho | D6: Quais campos da posição, quando editados, disparam o workflow? Editar um campo que não muda filial, setor, cargo ou mão de obra também exige aprovação? | E6: Linhas 2 (MOD) e 11 (MOI) não alteram filial, setor nem cargo e mesmo assim têm rota (C e B). | F6: Define a lista de campos que disparam aprovação. | G6: Alta | J6: Pendente
A7: EP-03 | B7: EDIÇÃO DE POSIÇÃO DISPONÍVEL | C7: Rotas | D7: As rotas B e C têm exatamente a mesma sequência (C&R → Segurança do Trabalho → Medicina). Podem ser unificadas em uma rota só? | E7: B: linhas 5 e 11 (MOI sem mudar setor); C: 6 regras MOD. | F7: Menos rotas para configurar e manter. | G7: Média | J7: Pendente
A8: EP-04 | B8: EDIÇÃO DE POSIÇÃO DISPONÍVEL | C8: Rotas | D8: Na Rota A (MOI + muda setor), Controladoria aprova (etapa 2) e depois recebe cópia (etapa 6), e C&R aprova duas vezes (etapas 1 e 3). É intencional? | E8: Rota A: C&R → Controladoria → C&R → Segurança → Medicina → Controladoria (cópia) → Folha (cópia). | F8: Evita aprovação/notificação duplicada. | G8: Média | J8: Pendente
A9: EP-05 | B9: EDIÇÃO DE POSIÇÃO DISPONÍVEL | C9: Aprovadores | D9: Treinamento não participa desta rota (participa em todas as outras matrizes). Está correto? | E9: Nenhuma rota de Edição de Posição tem Treinamento. | F9: Confirma a composição da rota. | G9: Baixa | J9: Pendente
A10: EP-06 | B10: EDIÇÃO DE POSIÇÃO DISPONÍVEL | C10: Campos de decisão | D10: Não há coluna 'Altera gestor?'. A troca da posição superior (a quem a posição reporta) dispara aprovação? De quem? | E10: A matriz tem só Muda filial, Muda setor, Cargo e MOI/MOD. | F10: Pode faltar um critério. | G10: Média | J10: Pendente
A11: EP-07 | B11: EDIÇÃO DE POSIÇÃO DISPONÍVEL | C11: Campos de decisão | D11: 'Mão de obra de destino' se refere à nova classificação da posição? A troca de MOD para MOI (ou o contrário) na própria posição tem tratamento específico? | E11: A regra usa apenas o valor de destino. | F11: Define o campo comparado. | G11: Baixa | J11: Pendente
A12: EP-08 | B12: EDIÇÃO DE POSIÇÃO DISPONÍVEL | C12: Escopo | D12: Criação de nova posição e extinção de posição fazem parte deste motivo ou têm fluxo próprio? | E12: A matriz trata apenas a edição. | F12: Pode exigir outros workflows. | G12: Média | J12: Pendente

Sheet Transf. de Setor
A1: PERGUNTAS PARA IMPLEMENTAÇÃO NO SAP – TRANSFERÊNCIA DE SETOR
A2: Preencha as colunas amarelas (Resposta da área, Responsável e Status). Use o filtro da coluna 'Evento (C&R)' para ver as perguntas de cada evento.
A4: ID | B4: Evento (C&R) | C4: Tema | D4: Pergunta | E4: Contexto / evidência na matriz | F4: Impacto na implementação SAP | G4: Prioridade | H4: Resposta da área | I4: Responsável | J4: Status
A5: TS-01 | B5: ALTERAÇÃO DE SETOR (Z2-2H) | C5: Gatilho e classificação | D5: Confirmar o código Z2-2H (ação Z2 / motivo 2H) e se outros códigos de transferência devem usar as mesmas regras. | E5: Única matriz com código informado. | F5: Vínculo do workflow ao evento correto. | G5: Média | J5: Pendente
A6: TS-02 | B6: ALTERAÇÃO DE SETOR (Z2-2H) | C6: Escopo | D6: A matriz não tem colunas de cargo nem de natureza. Se a transferência de setor vier junto com uma troca de cargo, a solicitação deve ir para Movimentação de Pessoas? | E6: Movimentação de Pessoas cobre troca de cargo com mudança de setor. | F6: Regra de precedência entre motivos. | G6: Alta | J6: Pendente
A7: TS-03 | B7: ALTERAÇÃO DE SETOR (Z2-2H) | C7: Escopo | D7: Muda setor é sempre SIM e Muda filial pode ser SIM ou NÃO. Uma mudança só de filial (sem mudar setor) usa qual motivo? | E7: Combinações: NÃO/SIM e SIM/SIM. | F7: Validação ou outro motivo. | G7: Média | J7: Pendente
A8: TS-04 | B8: ALTERAÇÃO DE SETOR (Z2-2H) | C8: Aprovadores | D8: Nesta matriz, Carreira e Recompensa aparece só no final (nas demais matrizes aparece também no início). Está correto? | E8: Rotas A–D terminam com C&R e não começam com C&R. | F8: Confirma a composição da rota. | G8: Baixa | J8: Pendente
A9: TS-05 | B9: ALTERAÇÃO DE SETOR (Z2-2H) | C9: Aprovadores | D9: O gestor de destino (solicitante) é só contribuinte e quem aprova é o gestor atual (quando o gestor muda). Está correto que o gestor de destino não aprova? | E9: Rotas A e B: Gestor Atual – aprovador; Gestor Solicitante – contribuinte. | F9: Define os papéis do workflow. | G9: Média | J9: Pendente
